{
  "test/mean_score": 0.9390996250161223,
  "test/sim_max_reward_4300000": 0.9795688393311878,
  "test/sim_max_reward_4300001": 0.9805529996908879,
  "test/sim_max_reward_4300002": 1.0,
  "test/sim_max_reward_4300003": 1.0,
  "test/sim_max_reward_4300004": 0.9935185314020594,
  "test/sim_max_reward_4300005": 1.0,
  "test/sim_max_reward_4300006": 1.0,
  "test/sim_max_reward_4300007": 1.0,
  "test/sim_max_reward_4300008": 1.0,
  "test/sim_max_reward_4300009": 1.0,
  "test/sim_max_reward_4300010": 1.0,
  "test/sim_max_reward_4300011": 1.0,
  "test/sim_max_reward_4300012": 1.0,
  "test/sim_max_reward_4300013": 1.0,
  "test/sim_max_reward_4300014": 1.0,
  "test/sim_max_reward_4300015": 1.0,
  "test/sim_max_reward_4300016": 1.0,
  "test/sim_max_reward_4300017": 0.9943484698209889,
  "test/sim_max_reward_4300018": 1.0,
  "test/sim_max_reward_4300019": 0.40541135684313107,
  "test/sim_max_reward_4300020": 1.0,
  "test/sim_max_reward_4300021": 0.9927127123611321,
  "test/sim_max_reward_4300022": 1.0,
  "test/sim_max_reward_4300023": 0.9872021781051222,
  "test/sim_max_reward_4300024": 0.9851096101242613,
  "test/sim_max_reward_4300025": 0.9984580541258846,
  "test/sim_max_reward_4300026": 1.0,
  "test/sim_max_reward_4300027": 0.9990585138082811,
  "test/sim_max_reward_4300028": 1.0,
  "test/sim_max_reward_4300029": 0.0,
  "test/sim_max_reward_4300030": 0.4017876006427519,
  "test/sim_max_reward_4300031": 0.973398660272416,
  "test/sim_max_reward_4300032": 0.9832019587198897,
  "test/sim_max_reward_4300033": 1.0,
  "test/sim_max_reward_4300034": 1.0,
  "test/sim_max_reward_4300035": 0.995644195312434,
  "test/sim_max_reward_4300036": 1.0,
  "test/sim_max_reward_4300037": 0.9952737001048904,
  "test/sim_max_reward_4300038": 1.0,
  "test/sim_max_reward_4300039": 0.9514683706827819,
  "test/sim_max_reward_4300040": 0.9990264539923467,
  "test/sim_max_reward_4300041": 1.0,
  "test/sim_max_reward_4300042": 1.0,
  "test/sim_max_reward_4300043": 0.4061011198162419,
  "test/sim_max_reward_4300044": 1.0,
  "test/sim_max_reward_4300045": 1.0,
  "test/sim_max_reward_4300046": 1.0,
  "test/sim_max_reward_4300047": 1.0,
  "test/sim_max_reward_4300048": 1.0,
  "test/sim_max_reward_4300049": 0.9331379256494268,
  "test/sim_video_4300000": "data/pusht_eval_output-Original-speed/media/h934kmzw.mp4",
  "test/sim_video_4300001": "data/pusht_eval_output-Original-speed/media/0s2ppts5.mp4",
  "test/sim_video_4300002": "data/pusht_eval_output-Original-speed/media/ff700e86.mp4",
  "test/sim_video_4300003": "data/pusht_eval_output-Original-speed/media/qaoglp7r.mp4",
  "total_step_of_56_traj": 12511,
  "train/mean_score": 1.0,
  "train/sim_max_reward_0": 1.0,
  "train/sim_max_reward_1": 1.0,
  "train/sim_max_reward_2": 1.0,
  "train/sim_max_reward_3": 1.0,
  "train/sim_max_reward_4": 1.0,
  "train/sim_max_reward_5": 1.0,
  "train/sim_video_0": "data/pusht_eval_output-Original-speed/media/1q0l47qx.mp4",
  "train/sim_video_1": "data/pusht_eval_output-Original-speed/media/4dqct2b1.mp4"
}